--Scrip para insertar los registros en cada tabla
-- INSERT INTO Pais - 10 registros
INSERT INTO Pais (idPais, Pais) VALUES
('ARG', 'Argentina'),
('BRA', 'Brasil'),
('COL', 'Colombia'),
('ECU', 'Ecuador'),
('ESP', 'España'),
('MEX', 'Mexico'),
('PAN', 'Panama'),
('PER', 'Peru'),
('URG', 'Uruguay'),
('VEN', 'Venezuela')

-- INSERT INTO Paciente - 60 registros 
INSERT INTO Paciente (idPaciente, DNI, Nombre, Apellido, Fnacimiento, Domicilio, idPais, Telefono, Email, Observaciones) VALUES
(2044, 4564688455, 'Jorge', 'Ramirez', '2019-01-18', 'Calle 23 1512', 'COL', NULL, 'mail@gmail.com', 'Sin Observaciones'),
(2045, 27854236, 'Claudio', 'Lopez', '2019-02-18', 'Piedras 2056', 'ARG', NULL, 'clopez@gmail.com', NULL),
(2046, 30251236, 'Carlos', 'Ramirez', '1982-07-05', 'Cerro Negro 452', 'COL', NULL, 'cramirez@gmail.com', NULL),
(2047, 33578126, 'Jose', 'Perez', '1999-04-15', 'Lavalle 2563', 'COL', NULL, 'jose@gmail.com', 'Paciente Estable'),
(2048, 20485781, 'Marcela', 'Torres', '1978-02-15', 'Belgrano 1563', 'MEX', '156847523', 'marcela@gmail.com', NULL),
(2055, 1233232, 'Diego', 'Castillo', '1998-08-01', 'U.H. Coyoli', 'MEX', '5564758677', 'dcastillo@gmail.com', 'En observacion'),
(2056, 458751124, 'Romulo', 'Gonzalo', '1974-04-06', 'Calle Llanuras', 'BRA', '5657448521', 'Romulo22@gmail.com', NULL),
(2057, 774788569, 'Regina', 'Ruiz', '2008-04-24', 'Roma Sur', 'MEX', '5644578211', 'ReginaRz@gmail.com', 'Dada de alta'),
(2058, 517246558, 'Ramiro', 'Carmona', '1968-07-18', 'Loma Bonita', 'MEX', '5624598874', 'RamiroC@gmail.com', NULL),
(2059, 245136554, 'Jazmine', 'Velasco', '2000-11-26', 'Calle Tundra 33', 'BRA', '5784225368', 'jazmineV@gmail.com', 'En observacion'),
(2081, 19395111, 'Valeria', 'Alvarez', '1957-04-21', 'Calle Secundaria 456 391', 'URG', '0677374243', 'valeria.alvarez24@outlook.com', 'Diabetes tipo 2'),
(2082, 73022941, 'Emilia', 'Santos', '1990-06-03', 'Rua das Flores 101 191', 'URG', '0935931450', 'emilia.santos93@outlook.com', 'Embarazo'),
(2083, 55585952, 'Gabriela', 'Vargas', '1984-12-20', 'Boulevard Central 789 326', 'MEX', '5536945177', 'gabriela.vargas88@outlook.com', 'Artritis'),
(2084, 88947159, 'Patricia', 'Reyes', '1959-03-07', 'Calle Secundaria 456 470', 'URG', '0275062574', 'patricia.reyes14@hotmail.com', 'Dada de alta'),
(2085, 43380893, 'Isabella', 'Moreno', '1982-09-20', 'Rua das Flores 101 140', 'MEX', '5515933902', 'isabella.moreno8@yahoo.com', 'Embarazo'),
(2086, 98838013, 'Laura', 'Pérez', '1993-08-27', 'Av. Principal 123 196', 'URG', '5270301926', 'laura.pérez14@outlook.com', 'Diabetes tipo 2'),
(2087, 88508292, 'Gabriela', 'Castillo', '1972-02-08', 'Calle 10 #45-67 45', 'ESP', '3167490156', 'gabriela.castillo8@hotmail.com', 'Migraña crónica'),
(2088, 83834440, 'Isabella', 'Díaz', '1956-05-16', 'Colonia Centro 378', 'ARG', '4835151601', 'isabella.díaz54@hotmail.com', 'Alergia a penicilina'),
(2089, 29616808, 'Gabriel', 'Reyes', '1968-12-03', 'Boulevard Central 789 22', 'MEX', '5597961011', 'gabriel.reyes2@gmail.com', 'Migraña crónica'),
(2090, 41666885, 'Carlos', 'Gómez', '1995-03-13', 'Av. Libertador 234 430', 'ECU', '2834103572', 'carlos.gómez52@outlook.com', 'Migraña crónica'),
(2091, 49170784, 'Santiago', 'Ramírez', '1963-12-21', 'Av. 18 de Julio 890 340', 'ESP', '2759465380', 'santiago.ramírez70@hotmail.com', 'Dada de alta'),
(2092, 57981343, 'Verónica', 'Castillo', '2020-02-02', 'Carrera 7 #12-34 145', 'ARG', '6045033991', 'verónica.castillo58@outlook.com', 'Diabetes tipo 2'),
(2093, 15705211, 'Alejandro', 'Vargas', '1966-11-18', 'Rua das Flores 101 1', 'PER', '0443543761', 'alejandro.vargas22@hotmail.com', 'En observación'),
(2094, 10310834, 'Santiago', 'Torres', '1970-08-28', 'Av. Libertador 234 483', 'ESP', '7331919858', 'santiago.torres89@outlook.com', 'En observación'),
(2095, 93356193, 'Gabriel', 'García', '1987-04-18', 'Zona 10 276', 'COL', '6737568674', 'gabriel.garcía77@outlook.com', 'Artritis'),
(2096, 46286550, 'Roberto', 'Castillo', '1966-07-11', 'Barrio Norte 235', 'ESP', '1187892805', 'roberto.castillo98@outlook.com', 'Migraña crónica'),
(2097, 16120677, 'José', 'López', '1972-03-20', 'Av. Principal 123 171', 'ESP', '9600112753', 'josé.lópez72@yahoo.com', 'Alergia a penicilina'),
(2098, 90126735, 'Alejandro', 'Cruz', '2013-06-13', 'Jr. Amazonas 567 426', 'BRA', '11187040762', 'alejandro.cruz85@yahoo.com', 'Diabetes tipo 2'),
(2099, 16459488, 'Patricia', 'López', '1984-01-27', 'Av. Libertador 234 171', 'BRA', '31793916877', 'patricia.lópez10@yahoo.com', 'Migraña crónica'),
(2100, 93266436, 'Miguel', 'Mendoza', '1980-04-06', 'Av. 18 de Julio 890 38', 'PAN', '2012111968', 'miguel.mendoza4@outlook.com', 'Hipertensión'),
(2101, 61367797, 'Antonio', 'Ramírez', '1965-08-19', 'Boulevard Central 789 229', 'VEN', '3113209131', 'antonio.ramírez43@gmail.com', 'Asma'),
(2102, 86538164, 'Carlos', 'Fernández', '2018-10-27', 'Distrito Federal 59', 'ESP', '4626538082', 'carlos.fernández55@outlook.com', 'En observación'),
(2103, 66254858, 'Miguel', 'Moreno', '1953-05-05', 'Calle 10 #45-67 279', 'VEN', '2345279456', 'miguel.moreno58@gmail.com', 'Migraña crónica'),
(2104, 13384437, 'Ricardo', 'Reyes', '2003-04-28', 'Boulevard Central 789 115', 'PAN', '4035543876', 'ricardo.reyes90@outlook.com', 'Embarazo'),
(2105, 36949964, 'Isabella', 'Castillo', '2007-05-17', 'Calle Bolívar 321 12', 'URG', '2226451118', 'isabella.castillo89@gmail.com', 'Alergia a penicilina'),
(2106, 61393343, 'Valeria', 'Jiménez', '2002-02-20', 'Barrio Norte 406', 'ESP', '1563875644', 'valeria.jiménez9@gmail.com', 'Alergia a penicilina'),
(2107, 91145207, 'Laura', 'Oliveira', '2021-05-22', 'Av. Principal 123 375', 'BRA', '11816109035', 'laura.oliveira30@outlook.com', 'Hipertensión'),
(2108, 80476496, 'Miguel', 'Cruz', '2024-01-26', 'Boulevard Central 789 254', 'MEX', '5556589204', 'miguel.cruz74@hotmail.com', 'Diabetes tipo 2'),
(2109, 19576123, 'Juan', 'Castillo', '1976-02-17', 'Colonia Centro 349', 'PER', '2454811416', 'juan.castillo45@hotmail.com', 'Hipertensión'),
(2110, 52580677, 'Fernando', 'Sánchez', '2010-10-10', 'Jr. Amazonas 567 140', 'ECU', '5293846551', 'fernando.sánchez71@hotmail.com', NULL),
(2111, 78565811, 'Diego', 'Gómez', '1952-09-07', 'Av. Principal 123 300', 'BRA', '31762291963', 'diego.gómez33@yahoo.com', NULL),
(2112, 71126763, 'Emilia', 'Díaz', '1989-02-21', 'Barrio Norte 105', 'URG', '6529428868', 'emilia.díaz88@outlook.com', 'Diabetes tipo 2'),
(2113, 52996415, 'Diego', 'Flores', '1984-01-12', 'Distrito Federal 272', 'ESP', '4792064561', 'diego.flores27@yahoo.com', 'Embarazo'),
(2114, 78506537, 'Adriana', 'Torres', '2004-05-31', 'Jr. Amazonas 567 274', 'ECU', '8220633387', 'adriana.torres63@outlook.com', 'Alergia a penicilina'),
(2115, 49966938, 'Laura', 'Díaz', '1952-08-15', 'Calle Secundaria 456 261', 'ECU', '3788708092', 'laura.díaz54@gmail.com', 'Artritis'),
(2116, 26915734, 'Juan', 'Moreno', '1999-05-02', 'Boulevard Central 789 482', 'PAN', '8039068272', 'juan.moreno27@gmail.com', 'Alergia a penicilina'),
(2117, 29924663, 'Andrés', 'Santos', '1989-03-14', 'Calle Bolívar 321 316', 'BRA', '41221742482', 'andrés.santos16@outlook.com', 'Alergia a penicilina'),
(2118, 71050938, 'Camila', 'García', '1968-05-06', 'Rua das Flores 101 133', 'COL', '5847419548', 'camila.garcía45@outlook.com', 'Dada de alta'),
(2119, 35070105, 'Ana', 'Hernández', '1968-08-01', 'Calle Secundaria 456 230', 'ARG', '8544115852', 'ana.hernández40@yahoo.com', 'Hipertensión'),
(2120, 33712800, 'Camila', 'Reyes', '1956-11-11', 'Carrera 7 #12-34 409', 'URG', '3476027906', 'camila.reyes97@outlook.com', 'Asma'),
(2121, 68022009, 'Juan', 'Ramírez', '1987-11-23', 'Av. Libertador 234 128', 'PAN', '4289595633', 'juan.ramírez17@hotmail.com', 'Hipertensión'),
(2122, 50022647, 'Andrés', 'Ramírez', '2001-01-31', 'Av. Libertador 234 283', 'MEX', '5564415156', 'andrés.ramírez46@outlook.com', NULL),
(2123, 80845908, 'Gabriel', 'Castillo', '1951-03-16', 'Jr. Amazonas 567 114', 'PAN', '5426312946', 'gabriel.castillo91@yahoo.com', 'En observación'),
(2124, 88030043, 'Isabella', 'Jiménez', '1955-11-28', 'Boulevard Central 789 481', 'COL', '6298323228', 'isabella.jiménez62@outlook.com', 'Migraña crónica'),
(2125, 86367352, 'Verónica', 'Hernández', '2016-10-07', 'Calle Secundaria 456 223', 'ESP', '7632862382', 'verónica.hernández41@hotmail.com', 'En observación'),
(2126, 42466217, 'Patricia', 'Vargas', '1956-10-24', 'Av. 18 de Julio 890 338', 'ECU', '0797774462', 'patricia.vargas5@gmail.com', 'Embarazo'),
(2127, 22998394, 'Ricardo', 'Cruz', '2009-01-13', 'Jr. Amazonas 567 309', 'URG', '6002170653', 'ricardo.cruz59@hotmail.com', 'Dada de alta')


-- INSERT INTO Medico - 31 registros (idMedico es IDENTITY → NO incluir en INSERT)
INSERT INTO Medico (Nombre, Apellido) VALUES
('Rafael', 'Castelo'),
('Daniela', 'Castillo'),
('Gabriel', 'Urrutia'),
('Rebeca', 'Trujillo'),
('Sergio', 'Dorantes'),
('Fernanda', 'Salazar'),
('Carlos', 'Linarez'),
('Victor', 'Ballatares'),
('Elena', 'Cuellar'),
('Rogelio', 'Vallarta'),
('Karla', 'Ruiz'),
('Fernando', 'Cortinez'),
('Luis', 'Chavez'),
('Leslie', 'Juarez'),
('Daniel', 'Dorantes'),
('Julieta', 'Torres'),
('Adolfo', 'Mercado'),
('Hugo', 'Esquivel'),
('Eduardo', 'Gutierrez'),
('Romina', 'Rodriguez'),
('Ivonne', 'Sandoval'),
('Pablo', 'Sanchez'),
('Alan', 'Ochoa'),
('Fabian', 'Becerril'),
('Samantha', 'Barcenas'),
('Jesus', 'Henandez'),
('Tania', 'Carreon'),
('Daniel', 'Hugalde'),
('Carlos', 'Chavez'),
('Raul', 'Rojas'),
('Lizbeth', 'Farfan')

-- INSERT INTO Especialidad - 13 registros 
INSERT INTO Especialidad (Especialidad) VALUES
('Cardiologia'),
('Medico General'),
('Dermatologia'),
('Traumatologia'),
('Pediatria'),
('Oftamologia'),
('Anestesiologo'),
('Cirujia'),
('Oncologia'),
('Ginecologia'),
('Urologo'),
('Endocrinologia'),
('Ortopedia')

-- INSERT INTO MedicoEspecialidad - 31 registros
INSERT INTO MedicoEspecialidad (idMedico, idEspecialidad, Descripcion) VALUES
(1, 1, 'Residente'),
(2, 10, 'Medico Base'),
(3, 3, 'Medico Base'),
(4, 12, 'Residente'),
(5, 4, 'Medico Base'),
(6, 2, 'Temporal'),
(7, 8, 'Residente'),
(8, 9, 'Medico Base'),
(9, 1, 'Medico Base'),
(10, 5, 'Medico Base'),
(11, 1, 'Residente'),
(12, 6, 'Medico Base'),
(13, 7, 'Temporal'),
(14, 2, 'Medico Base'),
(15, 11, 'Temporal'),
(16, 3, 'Residente'),
(17, 13, 'Temporal'),
(18, 11, 'Medico Base'),
(19, 5, 'Residente'),
(20, 7, 'Medico Base'),
(21, 9, 'Temporal'),
(22, 7, 'Medico Base'),
(23, 4, 'Temporal'),
(25, 6, 'Residente'),
(26, 6, 'Temporal'),
(27, 8, 'Medico Base'),
(28, 2, 'Residente'),
(29, 5, 'Medico Base'),
(30, 1, 'Temporal'),
(31, 13, 'Medico Base')

-- INSERT INTO TurnoEstado - 7 registros (idEstado manual desde 0)
INSERT INTO TurnoEstado (idEstado, Descripcion) VALUES
(0, 'Pendiente'),
(1, 'Realizando'),
(2, 'Cancelado'),
(3, 'Rechazado'),
(4, 'Postergado'),
(5, 'Anulado'),
(6, 'Derivado')

--Insertamos registros en la tabla Turno
INSERT INTO Turno(fechaTurno, estado, observaciones) VALUES
('20231015', 1, 'Paciente dado de alta'),
('20180512', 3, NULL),
('20240908', 4, 'Sin Observaciones'),
('20210722', 2, 'Paciente en observación'),
('20221204', 5, 'Presión alta'),
('20191130', 6, 'En ayunas'),
('20250617', 1, NULL),
('20230319', 3, 'Sin Observaciones'),
('20200814', 2, 'Dolor abdominal'),
('20240127', 4, 'Paciente estable'),
('20210905', 5, NULL),
('20180718', 1, 'Control rutinario'),
('20231123', 6, 'Sin Observaciones'),
('20250412', 2, 'Fiebre'),
('20220630', 3, 'Paciente en recuperación'),
('20201009', 4, NULL),
('20230721', 5, 'Análisis pendientes'),
('20191203', 1, 'Sin Observaciones'),
('20240816', 6, 'Control post-operatorio'),
('20211211', 2, NULL),
('20250228', 3, 'Paciente en ayunas'),
('20220907', 4, 'Sin Observaciones'),
('20200520', 5, 'Dolor de cabeza'),
('20230614', 1, 'Alta voluntaria'),
('20181026', 6, NULL),
('20241102', 2, 'Observación 24h'),
('20220819', 3, 'Sin Observaciones'),
('20210405', 4, 'Presión baja'),
('20250710', 5, 'Paciente estable'),
('20200117', 1, NULL),
('20231208', 6, 'Control mensual'),
('20240723', 2, 'Sin Observaciones'),
('20220314', 3, 'Fiebre alta'),
('20210829', 4, NULL),
('20250904', 5, 'Paciente en observación'),
('20230411', 1, 'Sin Observaciones'),
('20190922', 6, 'Análisis de sangre'),
('20240618', 2, NULL),
('20221031', 3, 'Paciente dado de alta'),
('20251125', 4, 'Sin Observaciones'),
('20200713', 5, 'Dolor torácico'),
('20230506', 1, 'Control rutinario'),
('20211217', 6, NULL),
('20240830', 2, 'Presión alta'),
('20220124', 3, 'Sin Observaciones'),
('20250603', 4, 'Paciente en ayunas'),
('20230928', 5, NULL),
('20200215', 1, 'Observación finalizada'),
('20241019', 6, 'Sin Observaciones'),
('20220708', 2, 'Paciente estable'),
('20230216', 6, 'Análisis pendientes'),
('20240815', 3, 'Sin Observaciones'),
('20180319', 3, NULL),
('20191005', 5, 'Dolor abdominal'),
('20180622', 2, 'Paciente en observación'),
('20241025', 1, 'Paciente en observación'),
('20220106', 6, 'Fiebre'),
('20221024', 1, 'Presión alta'),
('20211101', 4, 'Paciente en observación'),
('20260612', 3, 'Control rutinario')

--Insertamos los registros respetando las llaves foraneas
--En la Tabla TurnoPaciente
INSERT INTO TurnoPaciente(idTurno, idPaciente, idMedico)
VALUES
  (7, 2045, 21),
  (8, 2048, 4),
  (9, 2055, 1),
  (10, 2056, 24),
  (11, 2057, 9),
  (12, 2058, 8),
  (13, 2059, 8),
  (14, 2081, 5),
  (15, 2082, 24),
  (16, 2083, 4),
  (17, 2084, 22),
  (18, 2085, 24),
  (19, 2086, 29),
  (20, 2087, 18),
  (21, 2088, 3),
  (22, 2089, 19),
  (23, 2090, 14),
  (24, 2091, 2),
  (25, 2092, 1),
  (26, 2093, 3),
  (27, 2094, 7),
  (28, 2095, 8),
  (29, 2096, 17),
  (30, 2097, 20),
  (31, 2098, 1),
  (32, 2099, 18),
  (33, 2100, 7),
  (34, 2101, 23),
  (35, 2102, 21),
  (36, 2103, 23),
  (37, 2104, 18),
  (38, 2105, 14),
  (39, 2106, 8),
  (40, 2107, 15),
  (41, 2108, 19),
  (42, 2109, 9),
  (43, 2110, 26),
  (44, 2111, 28),
  (45, 2112, 1),
  (46, 2113, 25),
  (47, 2114, 26),
  (48, 2115, 6),
  (49, 2116, 23),
  (50, 2117, 14),
  (51, 2118, 11),
  (52, 2119, 9),
  (53, 2120, 5),
  (54, 2121, 7),
  (55, 2122, 31),
  (56, 2123, 25),
  (57, 2124, 11),
  (58, 2125, 4),
  (59, 2126, 3),
  (60, 2127, 13),
  (61, 2128, 4),
  (62, 2129, 12),
  (63, 2130, 28)

--Agregamos registros de Concepto
INSERT INTO Concepto (Descripcion)
VALUES('Laboratorio'),
	  ('Radiografia'),
	  ('Consulta'),
	  ('Cirujia'),
	  ('Medicamento'),
	  ('Analisis Clinico'),
	  ('Tomografia'),
	  ('Procedimiento'),
	  ('Pruebas de embarazo'),
	  ('Internamiento'),
	  ('Ultrasonido')


--Llenado de la Tabla Pago con su respectivo Concepto
INSERT INTO Pago(Concepto,Fecha,Monto,Estado,Obs)
VALUES
  (11,'20250227',100,5,'Problemas de banca'),
  (4,'20250425',300,5,NULL),
  (11,'20251007',200,4,'Retraso en confirmación'),
  (1,'20250116',200,1,''),
  (9,'20251105',100,4,''),
  (11,'20251226',2000,3,''),
  (8,'20251029',500,6,'Pendiente de verificación'),
  (1,'20250323',1000,2,'Problemas de banca'),
  (3,'20250421',700,0,NULL),
  (7,'20250219',800,6,'Problemas de banca'),
  (10,'20250516',150,5,'Retraso en confirmación'),
  (9,'20250305',900,0,'Error en transferencia'),
  (5,'20251118',800,4,''),
  (2,'20250124',450,6,'Problemas de banca'),
  (2,'20250430',250,3,'Problemas de banca'),
  (8,'20251122',800,1,'Problemas de banca'),
  (6,'20250418',500,5,'Paciente solicitó cambio'),
  (11,'20250206',350,4,'Paciente solicitó cambio'),
  (4,'20250325',1200,3,'Problemas de banca'),
  (11,'20251219',2000,1,'Paciente solicitó cambio'),
  (6,'20250129',450,6,NULL),
  (6,'20250725',500,0,''),
  (10,'20250611',400,5,'Retraso en confirmación'),
  (7,'20251126',1200,1,'Problemas de banca'),
  (3,'20250507',2000,4,'Problemas de banca'),
  (10,'20250808',900,2,''),
  (3,'20250918',1500,0,'Pendiente de verificación'),
  (1,'20250226',300,5,''),
  (11,'20250805',200,3,'Retraso en confirmación'),
  (10,'20250828',1800,2,'Error en transferencia'),
  (1,'20251215',250,5,'Error en transferencia'),
  (5,'20251125',700,0,'Problemas de banca'),
  (7,'20250322',1200,0,'Paciente solicitó cambio'),
  (5,'20250914',350,4,NULL),
  (11,'20250602',1800,4,''),
  (3,'20250711',350,4,'Pendiente de verificación'),
  (9,'20250101',700,3,NULL),
  (2,'20250705',600,1,NULL),
  (4,'20251018',200,0,'Paciente solicitó cambio'),
  (8,'20250205',2000,6,''),
  (3,'20251204',1500,4,''),
  (5,'20250928',1000,1,'Error en transferencia'),
  (4,'20250609',900,5,'Paciente solicitó cambio'),
  (6,'20250813',1800,3,NULL),
  (4,'20250426',200,2,NULL),
  (10,'20251011',450,4,''),
  (1,'20250206',150,1,NULL),
  (1,'20250619',200,4,''),
  (5,'20251209',1500,1,'Error en transferencia'),
  (3,'20251020',1500,1,'Pendiente de verificación'),
  (8,'20250728',400,0,NULL),
  (11,'20250809',800,3,'Retraso en confirmación'),
  (8,'20250128',250,0,'Retraso en confirmación'),
  (6,'20250225',450,1,''),
  (9,'20250818',300,3,''),
  (5,'20250825',450,6,NULL),
  (8,'20251009',250,0,'Paciente solicitó cambio'),
  (9,'20250108',200,6,'Pendiente de verificación'),
  (4,'20250327',1000,3,'Retraso en confirmación'),
  (4,'20250725',150,1,'Retraso en confirmación')

--Insertando la relacion de las tablas PagoPaciente
--Relacionando los idPago, idPaciente, idTurno
INSERT INTO PagoPaciente(idPago, idPaciente, idTurno)
VALUES
  (2, 2044, 2),
  (3, 2045, 3),
  (4, 2046, 4),
  (5, 2047, 7),
  (6, 2048, 8),
  (7, 2055, 9),
  (8, 2056, 10),
  (9, 2057, 11),
  (10, 2058, 12),
  (11, 2059, 13),
  (12, 2081, 14),
  (13, 2082, 15),
  (14, 2083, 16),
  (15, 2084, 17),
  (16, 2085, 18),
  (17, 2086, 19),
  (18, 2087, 20),
  (19, 2088, 21),
  (20, 2089, 22),
  (21, 2090, 23),
  (22, 2091, 24),
  (23, 2092, 25),
  (24, 2093, 26),
  (25, 2094, 27),
  (26, 2095, 28),
  (27, 2096, 29),
  (28, 2097, 30),
  (29, 2098, 31),
  (30, 2099, 32),
  (31, 2100, 33),
  (32, 2101, 34),
  (33, 2102, 35),
  (34, 2103, 36),
  (35, 2104, 37),
  (36, 2105, 38),
  (37, 2106, 39),
  (38, 2107, 40),
  (39, 2108, 41),
  (40, 2109, 42),
  (41, 2110, 43),
  (42, 2111, 44),
  (43, 2112, 45),
  (44, 2113, 46),
  (45, 2114, 47),
  (46, 2115, 48),
  (47, 2116, 49),
  (48, 2117, 50),
  (49, 2118, 51),
  (50, 2119, 52),
  (51, 2120, 53),
  (52, 2121, 54),
  (53, 2122, 55),
  (54, 2123, 56),
  (55, 2124, 57),
  (56, 2125, 58),
  (57, 2126, 59),
  (58, 2127, 60),
  (59, 2128, 61),
  (60, 2129, 62),
  (61, 2130, 63)


--Insertamos registros en la tabla HistoriaClinica
-- Insertamos 60 registros en la tabla HistoriaClinica
INSERT INTO HistoriaClinica (fechaHistoria, observaciones) 
VALUES('2025-02-27', 'Paciente presenta fiebre alta, tos persistente y malestar general'),
('2025-04-25', 'Control rutinario de presión arterial elevada, valores estables'),
('2025-10-07', NULL),
('2025-01-16', 'Dolor abdominal intenso acompañado de náuseas y vómitos frecuentes'),
('2025-11-05', 'Revisión post-operatoria de apendicectomía, evolución favorable'),
('2025-12-26', 'Cuadro de deshidratación secundaria a gastroenteritis viral aguda'),
('2025-10-29', 'Infección respiratoria aguda superior con congestión nasal'),
('2025-03-23', NULL),
('2025-04-21', 'Control de diabetes mellitus tipo 2, glucemia en rango aceptable'),
('2025-02-19', 'Dolor de cabeza crónico de tipo migrañoso con fotofobia'),
('2025-05-16', 'Esquema de vacunación completo, refuerzo de tétanos aplicado'),
('2025-03-05', 'Alergia estacional con rinitis alérgica y conjuntivitis bilateral'),
('2025-11-18', NULL),
('2025-01-24', 'Chequeo anual rutinario, todos los parámetros dentro de lo normal'),
('2025-04-30', 'Dolor lumbar crónico secundario a hernia discal L4-L5 diagnosticada'),
('2025-11-22', 'Gripe estacional con fiebre, mialgias y malestar general intenso'),
('2025-04-18', NULL),
('2025-02-06', 'Control de hipertensión arterial esencial, ajuste de medicación'),
('2025-03-25', 'Fatiga general y debilidad muscular, estudios complementarios pendientes'),
('2025-12-19', 'Revisión dermatológica por dermatitis atópica moderada en brazos'),
('2025-01-29', NULL),
('2025-07-25', 'Dolor faríngeo con inflamación de amígdalas y adenopatías cervicales'),
('2025-06-11', 'Control de peso y asesoramiento nutricional para obesidad grado I'),
('2025-11-26', 'Insomnio leve crónico, recomendaciones de higiene del sueño'),
('2025-05-07', NULL),
('2025-08-08', 'Resultados de análisis de sangre normales, sin alteraciones destacables'),
('2025-09-18', 'Lesión deportiva menor en rodilla derecha, esguince grado I'),
('2025-02-26', 'Control de hipercolesterolemia, dieta baja en grasas recomendada'),
('2025-08-05', NULL),
('2025-08-28', 'Mareos ocasionales posiblemente por vértigo posicional paroxístico'),
('2025-12-15', 'Aplicación de vacuna antigripal cuadrivalente estacional 2025'),
('2025-11-25', 'Dolor articular en manos por artrosis primaria bilateral'),
('2025-03-22', NULL),
('2025-09-14', 'Control de función tiroides, TSH y T4 libres dentro de rangos normales'),
('2025-06-02', 'Estudio cardiológico completo: ECG y ecocardiograma normales'),
('2025-07-11', 'Infección urinaria recurrente, tratamiento con antibiótico completado'),
('2025-01-01', NULL),
('2025-07-05', 'Revisión odontológica rutinaria, detección de caries en muela 36'),
('2025-10-18', 'Ansiedad leve generalizada, derivado a consulta psicológica'),
('2025-02-05', 'Control de glucemia en ayunas normal, buen cumplimiento de tratamiento'),
('2025-12-04', NULL),
('2025-09-28', 'Dolor de espalda por contractura muscular cervical y lumbar'),
('2025-06-09', 'Examen físico anual completo sin hallazgos patológicos relevantes'),
('2025-08-13', 'Conjuntivitis alérgica bilateral, tratamiento con colirio antihistamínico'),
('2025-04-26', NULL),
('2025-10-11', 'Control de asma bronquial persistente leve, buen control sintomático'),
('2025-02-06', 'Fatiga crónica, se solicitan estudios para descartar anemia'),
('2025-06-19', 'Dolor epigástrico sugestivo de gastritis, iniciar protector gástrico'),
('2025-12-09', NULL),
('2025-10-20', 'Revisión ocular anual, prescripción de nuevos lentes progresivos'),
('2025-07-28', 'Alergia alimentaria a mariscos confirmada por pruebas cutáneas'),
('2025-08-09', NULL),
('2025-01-28', 'Control de esquema de vacunación completo según edad del paciente'),
('2025-02-25', 'Migraña con aura, iniciado tratamiento preventivo con topiramato'),
('2025-08-18', 'Infección cutánea por hongos en pies (tiña pedis), tratamiento tópico'),
('2025-08-25', NULL),
('2025-10-09', 'Chequeo general previo a inicio de actividad deportiva intensa'),
('2025-01-08', 'Dolor muscular generalizado post-ejercicio, reposo y antiinflamatorio'),
('2025-03-27', NULL),
('2025-07-25', 'Control de rutina, paciente asintomático y en buen estado general')

-- Insertamos registros en la tabla HistoriaPaciente
--Respetando los idpaciente y los idmedicos asignados anteriormente
INSERT INTO HistoriaPaciente (idHistoria, idPaciente, idMedico) 
VALUES
(1, 2044, 1),
(2, 2046, 1),
(3, 2047, 1),
(4, 2045, 21),
(5, 2048, 4),
(6, 2055, 1),
(7, 2056, 24),
(8, 2057, 9),
(9, 2058, 8),
(10, 2059, 8),
(11, 2081, 5),
(12, 2082, 24),
(13, 2083, 4),
(14, 2084, 22),
(15, 2085, 24),
(16, 2086, 29),
(17, 2087, 18),
(18, 2088, 3),
(19, 2089, 19),
(20, 2090, 14),
(21, 2091, 2),
(22, 2092, 1),
(23, 2093, 3),
(24, 2094, 7),
(25, 2095, 8),
(26, 2096, 17),
(27, 2097, 20),
(28, 2098, 1),
(29, 2099, 18),
(30, 2100, 7),
(31, 2101, 23),
(32, 2102, 21),
(33, 2103, 23),
(34, 2104, 18),
(35, 2105, 14),
(36, 2106, 8),
(37, 2107, 15),
(38, 2108, 19),
(39, 2109, 9),
(40, 2110, 26),
(41, 2111, 28),
(42, 2112, 1),
(43, 2113, 25),
(44, 2114, 26),
(45, 2115, 6),
(46, 2116, 23),
(47, 2117, 14),
(48, 2118, 11),
(49, 2119, 9),
(50, 2120, 5),
(51, 2121, 7),
(52, 2122, 31),
(53, 2123, 25),
(54, 2124, 11),
(55, 2125, 4),
(56, 2126, 3),
(57, 2127, 13),
(58, 2128, 4),
(59, 2129, 12),
(60, 2130, 28)